Titre,Auteur,Description,Photo
Lunsford,Dulcinea,Coral,330
Ries,Halette,Dulce,892
Clara,Roberta,Basia,979
Pascia,Vere,Helena,659
Peti,Deane,Ericka,504
LaRue,Blake,Magdalena,645
Johanna,Elfreda,Nessie,450
Raimondo,Cathyleen,Laurene,324
Tice,Jenilee,Briney,780
Dorcy,Ardenia,Deedee,263
Alejoa,Hayley,Jean,525
Irmine,Charlena,Mireielle,230
Uird,Claudina,Ketti,540
Horan,Sharlene,Donetta,355
Peti,Tilly,Blake,819
Euridice,Michaelina,Britni,805
Richers,Brena,Sidoney,463
Yusuk,Nikki,Verla,566
Franza,Millie,Yetty,368
Si,Ivett,Corly,128
Serilda,Agathe,Lelah,911
Wu,Doro,Anica,865
Matthew,Susan,Amelia,262
Milde,Sam,Nerta,232
Birdella,Vinita,Hannis,953
Jerold,Kirstin,Violet,15
Georgy,Paola,Tomasina,620
Cassius,Brena,Bertine,447
Swigart,Belva,Harmonia,480
Pulsifer,Brandise,Gilligan,25
Peti,Vanessa,Corry,500
Goode,Marika,Lita,46
Stav,Frieda,Bibby,872
Ogren,Damaris,Kamilah,229
Tound,Gretal,Cristabel,12
Norvol,Candy,Devina,851
Faria,Sissy,Camile,986
Winnick,Susette,Ethel,317
Riva,Carlie,Calla,55
Hollingsworth,Mahalia,Vinita,743
McCutcheon,Evaleen,Halette,83
McClimans,Joelly,Ardenia,263
Bach,Vevay,Benita,776
Baptlsta,Jolyn,Maye,649
Hutchison,Gisela,Emylee,979
Hillel,Petronia,Dione,665
Dominy,Laure,Susette,361
Warthman,Edith,Sean,699
Publia,Roz,Darci,712
Blisse,Stephanie,Philis,44
Cornelia,Lorie,Sandie,972
Kalinda,Margalo,Letizia,144
Valoniah,Michaelina,Dyann,195
Auberbach,Yetty,Adriana,309
Thilda,Jaclyn,Misha,681
Hailee,Vevay,Philis,212
Bow,Fidelia,Nannie,385
Bonucci,Chastity,Jessamyn,826
Malina,Etta,Adore,556
Haerr,Cassandra,Almeta,203
Jobi,Arlina,Kathy,660
Jorgan,Linet,Sharai,438
Riordan,Lacie,Sharlene,535
Evangelia,Sabina,Fayre,355
Grayce,Vanessa,Lusa,402
Faso,Lolita,Maryellen,438
Ilka,Jinny,Juliane,28
Korey,Yolane,Goldie,890
Ajay,Morganica,Mathilda,778
Egbert,Merci,Etta,364
Ahab,Ida,Bibby,686
Taima,Lyssa,Lilith,858
Dyche,Leeanne,Kaia,677
Toni,Minda,Merry,649
Flita,Nannie,Sindee,955
Desai,Nickie,Clo,30
Cornelia,Orsola,Luci,79
Lilybelle,Gratia,Sophia,314
Vastah,Sidoney,Fred,741
Leary,Carlie,Dode,848
Stelle,Violet,Norine,860
Duwalt,Justinn,Rosaline,197
Sundin,Yetty,June,267
Atcliffe,Dorene,Mahalia,489
Breed,Shirlee,Sherrie,870
Vilma,Dede,Elie,10
Demitria,Priscilla,Glenda,972
Stoller,Elie,Lelah,462
Cavan,Jaime,Bobbi,915
Konyn,Ivett,Ginnie,824
Maiah,Ann-Marie,Sabina,84
Noman,Shauna,Nita,845
Celestine,Imojean,Cam,101
Lowry,Hildegaard,Cindelyn,920
Loeb,Bee,Frieda,506
Sikorski,Mary,Deedee,829
Gaspard,Rivalee,Katuscha,48
Yusuk,Lorenza,Carmela,96
Kermit,Codie,Janenna,923
Ade,Tera,Sara-Ann,242
Paine,Addia,Shauna,994
Lamoree,Oona,Vita,513
Roscoe,Merle,Elora,687
Georas,Annecorinne,Tani,635
Kazimir,Jessamyn,Joane,72
Grobe,Siana,Wilma,408
Kristi,Cristabel,Gerrie,546
Maples,Daryl,Candi,796
Vorster,Doro,Loree,596
Fadiman,Shirlee,Emmey,100
Stuart,Rivalee,Karlee,64
Zrike,Celene,Adele,980
Bow,Darci,Aurore,927
Strephon,Margalo,Bettine,55
Isidore,Oona,Tilly,536
Hortensia,Sara-Ann,Randa,601
Letsou,Maye,Jemie,320
Schenck,Tatiania,Lenna,806
Read,Ilse,Alisha,307
McLaughlin,Vivia,Violet,365
Yorick,Ronna,Candi,625
Carmena,Nicoli,Lusa,345
Sperling,Ezmeralda,Fidelia,68
Haymes,Adriana,Loree,4
Lareena,Glynnis,Glenda,438
Mathilde,Celene,Ricky,450
Dyche,Merci,Mallory,593
Suzetta,Tatiania,Annaliese,79
Wolfgram,Dulce,Angelique,669
Clywd,Bettine,Ronna,492
Zuzana,Rayna,Farrah,1000
Uund,Penelopa,Hermione,876
Ade,Nita,Christal,983
Cassius,Marylou,Selia,147
Grosz,Cassondra,Marika,156
Leopold,Melodie,Aimil,922
Fitzsimmons,Gianina,Alie,895
Alva,Jan,Sashenka,276
Yorick,Fanchon,Isa,559
Jarib,Felice,Sophia,764
Burnside,Brietta,Blondelle,694
Saint,Harmonia,Di,79
Janith,Feliza,Jean,902
Brittani,Dari,Britte,778
Ortrude,Quintina,Desirae,157
Wadell,Evaleen,Doralynne,458
Goddard,Natka,Christal,82
Concha,Chandra,Kate,303
Minetta,Clarice,Nickie,698
Alva,Alie,Lily,246
Peonir,Silvana,Allyce,308
Chandler,Carilyn,Misha,437
Vorster,Elbertina,Letizia,385
Claudine,Frank,Carlie,173
Salchunas,Sophia,Romona,739
Hollingsworth,Selia,Dorice,119
Jobi,Sue,Basia,435
Katrine,Helsa,Oralee,70
Lenny,Rebeca,Charissa,918
Capello,Gloria,Vanessa,639
Germann,Celene,Adelle,366
Sasnett,Edee,Esmeralda,789
Oster,Adelle,Zaria,571
Center,Alisha,Maurene,402
Jary,Tami,Ardys,45
Sabella,Mallory,Damaris,690
Lymann,Jsandye,Lulita,90
Florina,Celestyna,Darlleen,163
Maiah,Jennica,Ninnetta,38
Codding,Hyacinthe,Dulcinea,895
Schenck,Ninnetta,Marita,350
Rudolph,Nickie,Sallie,574
Solitta,Regina,Ivett,211
Barbey,Rosene,Imojean,361
Emanuel,Jerry,Charissa,855
Thunell,Larine,Sandie,43
O'Neill,Elise,Cathyleen,821
Fancie,Albertina,Annecorinne,566
Nisbet,Sadie,Tera,524
Chick,Susan,Alyda,221
Susannah,Dulce,Dorothy,641
Holtz,Mamie,Moyna,452
Germann,Nikki,Lynde,193
Fiester,Devina,Rayna,936
Toni,Lorne,Wileen,695
Xerxes,Debee,Heddie,556
Daegal,Mallory,Roxane,911
Douglass,Merci,Tybie,671
Kazimir,Orsola,Julieta,502
Corabella,Tybie,Merrie,802
Cookie,Leeanne,Darlleen,388
Letsou,Ariela,Codie,801
Howlyn,Aaren,Nessie,331
Parsaye,Andeee,Leontine,250
Breed,Ariela,June,857
Kenwood,Viki,Rosaline,127
Mich,Tera,Jany,180
Buffum,Emylee,Viki,872
Pierette,Marita,Emylee,454
Jefferey,Kenna,Juliane,395
Wittie,Halette,Veda,463
Wildermuth,Tierney,Rubie,246
Zuzana,Jobi,Alleen,388
Bashemeth,Sharai,Alameda,811
Presber,Oona,Valli,268
Dorine,Minda,Andeee,331
Hutchison,Talya,Krystle,373
Chauncey,Imojean,Vinita,585
Bakerman,Shaine,Tybie,610
Land,Jobi,Carree,113
Shanley,Tybie,Dotty,799
Riva,Bernie,Lorenza,135
Aloise,Tracey,Rani,221
Zeeba,Zaria,Fawne,710
Henrie,Millie,Etta,429
Rillings,Annecorinne,Zsa Zsa,387
Seligman,Inga,Kirbee,193
Adrienne,Zia,Minda,676
Niles,Shandie,Jenda,773
Lane,Candy,Bee,517
Jenness,Edyth,Willetta,212
Linehan,Ottilie,Basia,527
Taima,Johna,Doro,879
Giff,Laurene,Vonny,670
Barney,Jaclyn,Livvyy,513
Hanleigh,Sidoney,Wendi,745
Dulciana,Pollyanna,Riannon,361
Buffum,Joceline,Misha,800
Teryn,Henriette,Amara,721
Millda,Marinna,Vonny,96
Drus,Georgina,Gabriellia,282
Hollingsworth,Anica,Laure,351
Stover,Babita,Annabela,788
Orlene,Gratia,Lulita,96
Brenn,Atlanta,Gianina,102
Ariella,Raf,Sabina,452
Cadmar,Halette,Valera,186
Nahum,Dione,Catrina,113
Brieta,Alisha,Wilma,854
Khorma,Vere,Judy,16
Alice,Riannon,Kristina,84
O'Rourke,Taffy,Cathyleen,220
Noam,Trudie,Tressa,49
Gibbeon,Candy,Brandise,170
Irmine,Yetty,Ursulina,892
Raffo,Lonnie,Edith,958
Joli,Karena,Carmencita,693
Winnick,Marita,Shaine,86
Bow,Pierette,Wanda,156
Waite,Nessie,Lenna,272
Wolfgram,Gusty,Viviene,462
Heisel,Dorice,Dulce,568
Flita,Dorice,Cassondra,830
Berl,Zia,Jessy,58
Bethany,Kathi,Audrie,363
Madaih,Gisela,Cordi,924
Edmund,Jennica,Ruthe,126
Lowry,Robinia,Lorenza,272
Maroney,Belva,Jillayne,476
Pacorro,Carmela,Alejandra,283
Chobot,Abbie,Marguerite,274
Oster,Kate,Bibby,180
Kat,Xylina,Deedee,930
Avi,Rivalee,Shel,552
Nickola,Maisey,Ellette,970
Mauer,Gloria,Tatiania,332
Saint,Genovera,Meghann,283
Saree,Estell,Frieda,999
Erich,Rubie,Lily,76
Ethban,Gilligan,Genovera,489
Sisile,Elie,Mildrid,956
Heidt,Etta,Annora,744
Riva,Bernie,Cordi,507
Brian,Caressa,Janis,615
Ricki,Mary,Madelle,201
McGrody,Dari,Flo,851
Kronfeld,Pierette,Yvonne,703
Donell,Desirae,Cacilie,276
Bryna,Adele,Ricky,702
Naor,Leontine,Belinda,141
Chabot,Patricia,Kylynn,634
Yam,Talya,Ana,41
Voletta,Hermione,Jaime,909
Adalbert,Laure,Dennie,598
Macey,Maud,Gilda,655
Lutero,Brianna,Charissa,885
Hull,Leontine,Tonia,976
Jillane,Olivette,Leontine,314
Jess,Teddie,Etta,267
Genna,Tomasina,Giustina,22
Sherrie,Caritta,Harmonia,305
Morgun,Consuela,Lulita,446
Pitt,Shel,Giustina,119
Dyche,Eugine,Ernesta,132
Kravits,Maisey,Adriana,123
Diann,Bibby,Mallory,453
Yusuk,Kial,Jillayne,35
Wind,Vevay,Althea,589
Fredi,Alex,Grier,330
Ralfston,Ardys,Viviene,927
Nickola,Althea,Britte,999
Adrienne,Norine,Steffane,570
Han,Chickie,Lacie,259
Pyle,Gale,Ottilie,745
Carey,Melodie,Cissiee,144
Joseph,Emmey,Fernande,671
Infield,Carly,Fayre,908
Etom,Nanete,Mamie,860
Dowski,Grier,Cathyleen,36
Ivens,Riannon,Trixi,354
Tybald,Alisha,Kenna,449
Oneida,Marita,Coral,40
Erskine,Kassey,Clarice,632
Hessler,Glynnis,Tobe,862
Winnick,Linzy,Talya,700
Regan,Mamie,Bobinette,159
Valoniah,Verla,Marti,723
Pernick,Rosaline,Aurelie,510
Neva,Emelina,Carolina,944
Kiyoshi,Pamella,Lory,732
Lytton,Constance,Oralee,683
Laverne,Rhoda,Tabbatha,730
Koziara,Verla,Roberta,831
Morehouse,Mildrid,Shaylyn,755
Joachim,Max,Perry,892
Kenwood,Binny,Rosanne,183
Olin,Krystle,Correy,472
Cornelia,Teriann,Carly,426
Wallis,Pierette,Paule,261
Kelula,Bobbi,Goldie,662
Strephon,Elise,Sonni,633
Heisel,Rubie,Fanchon,100
Erb,Aaren,Glenda,462
Erich,Nollie,Maryellen,637
Wandie,Elbertina,Korrie,795
Vorster,Harmonia,Jobi,819
Chobot,Flory,Nerta,536
Fleeta,Verla,Barbara,237
Nickola,Monika,Korrie,304
Greenwald,Livvyy,Amara,738
Gualtiero,Gabriellia,Raquela,386
Devlen,Collen,Quintina,804
Serilda,Camile,Althea,799
Lacombe,Beth,Cathyleen,778
Buttaro,Lynde,Kirbee,236
Sigfrid,Hollie,Anica,206
Smitt,Dotty,Audrie,348
Byrne,Shandie,Blake,299
Primalia,Vevay,Marylou,84
Alva,Krystle,Valli,728
Ammann,Korrie,Ariela,258
Iiette,Linzy,Adele,386
Hepsibah,Stacey,Madeleine,212
Grobe,Therine,Kristina,751
Carri,Lucille,Joy,504
Kermit,Romona,Halette,224
Capello,Ermengarde,Zsa Zsa,207
Nikaniki,Margette,Johna,413
Mitzi,Vevay,Melina,339
Atcliffe,Eve,Rosabelle,835
Argus,Deloria,Pearline,898
Natica,Bill,Leeanne,540
Martsen,Bill,Aubrie,972
Lia,Sadie,Tera,473
Tengdin,Fina,Louella,491
Kesley,Maud,Magdalena,237
Holtz,Gloria,Hermione,335
Japeth,Zsa Zsa,Fanchon,95
Raama,Joceline,Janeczka,623
Girardo,Genovera,Roseline,614
Cookie,Merry,Joy,141
Elbertina,Isa,Selma,317
Terrence,Allis,Shaine,927
Teddman,Marinna,Libbie,803
Kaja,Frank,Sue,715
Laverne,Mildrid,Winny,304
Rubie,Netty,Laure,975
Ledah,Gusty,Wynne,551
Berne,Aryn,Albertina,304
Ailyn,Janis,Sissy,526
Barney,Marti,Catrina,708
Merat,Barbi,Justinn,415
Reneta,Sibella,Kathi,528
Phi,Evita,Felice,587
Deegan,Chastity,Marinna,428
Eachern,Miquela,Heida,357
Doig,Tiffie,Tami,680
Wooster,Coral,Bobbi,618
Suk,Hannis,Winifred,505
Dudley,Ronna,Marika,501
Latini,Ericka,Lisette,281
Alexandr,Lily,Donnie,41
Clywd,Sabina,Valli,446
Revkah,Cassondra,Adelle,464
Jehu,Tina,Kelly,208
Fadiman,Linzy,Sherrie,41
Belanger,Kaja,Riannon,972
Cavan,Abbie,Madalyn,744
Regan,Sophia,Ottilie,503
Elbertina,Arabel,Kary,391
Shields,Stacey,Trudie,495
Dearborn,Eve,Consuela,668
Merna,Joeann,Antonietta,205
Arne,Deedee,Roberta,356
Craggie,Consuela,Jorry,831
Ashok,Ronna,Sara-Ann,127
Roarke,Phylis,Sheelagh,234
Lumbard,Karlee,Jordan,617
Latini,Cissiee,Codie,223
Iphlgenia,Krystle,Kara-Lynn,749
Roscoe,Berget,Marline,204
Allare,Tiffie,Arlina,284
Ax,Clarice,Janenna,303
Vivle,Gabriellia,Flory,592
Cloris,Lynde,Renie,881
Muriel,Candi,Aryn,528
Peonir,Anica,Maurene,143
Schwejda,Madelle,Alyssa,664
Kirstin,Teriann,Raina,764
Mandler,Lynea,Elena,296
Jeanne,Andeee,Ursulina,363
Dex,Audrie,Mireielle,733
Pettiford,Eadie,Pollyanna,217
Kiersten,Kittie,Gwenneth,967
Adore,Lisette,Mignon,192
Gilbertson,Sam,Marsiella,439
Emerson,Millie,Mallory,508
Elephus,Roslyn,Neila,536
Shuler,Frances,Linet,461
Keily,Dacia,Lily,208
Olin,Randa,Reeba,81
Harl,Shel,Alex,384
Peonir,Dorthy,Ann-Marie,924
Gale,Clementine,Feliza,982
Poll,Jany,Amara,307
Iaverne,Michaelina,Selia,724
Raffo,Kimmy,Imojean,335
Giule,Anestassia,Ronna,590
Dielu,Amii,Giustina,547
Tomasina,Claresta,Willetta,367
Granoff,Wilma,Konstance,495
Narton,Nannie,Binny,670
Jacinda,Helsa,Nyssa,54
Ricarda,Elise,Kerrin,111
Kellby,Celestyna,Romona,431
Bury,Lily,Janeczka,24
Ovid,Aubrie,Taffy,117
Karna,Nessie,Odessa,278
Chaing,Imojean,Sam,967
Screens,Mary,Genovera,33
Westphal,Babita,Sonni,298
Lory,Mildrid,Drucie,690
Margret,Amelia,Christian,720
Munn,Danny,Meghann,730
Wadell,Cristine,Oona,223
Ricarda,Ginnie,Ottilie,938
Jess,Kirbee,Jemie,873
Sallyann,Lulita,Romona,632
Aurelio,Katharina,Mignon,657
Solitta,Dolli,Meg,137
Cressida,Nelle,Moyna,841
Lucienne,Tami,Abbie,56
Lattie,Trudie,Kate,948
Rad,Lindie,Jenilee,618
Artie,Magdalena,Cherrita,350
Randene,Celene,Robbi,354
Erb,Emilia,Ruthe,1
Colleen,Alejandra,Kerrin,406
Florina,Randa,Dagmar,851
Tamar,Gui,Althea,370
Byrne,Cathie,Madelle,862
Devlen,Hettie,Ginnie,216
Weinreb,Jasmina,Teriann,361
Wildermuth,Candi,Tilly,306
Meter,Gilda,Arlena,395
Skurnik,Ricky,Jennica,40
Dorothy,Sadie,Allyce,711
Creamer,Nonnah,Ardeen,870
Dyche,Eugine,Nariko,919
LaRue,Clementine,Adore,148
Birdella,Emylee,Kassey,798
Newell,Danny,Etta,415
Waldron,Ginnie,Brandise,665
Bow,Dorene,Brynna,303
Buckler,Kristina,Dennie,48
Meter,Dominga,Shaylyn,380
Bearnard,Carolina,Darlleen,84
Fennessy,Etta,Maridel,431
Bandeen,Amalie,Ana,611
Winthorpe,Aigneis,Taffy,204
Rosette,Evita,Grier,676
Iaverne,Louella,Janis,925
Brodench,Emmey,Caressa,687
Cath,Goldie,Annice,634
Quent,Lenna,Sindee,698
Andrel,Bertine,Di,652
Timon,Angelique,Jillayne,356
Eno,Pearline,Marcelline,524
Reneta,Tersina,Sibella,538
Allys,Zondra,Romona,53
Jehu,Caryl,Magdalena,551
Eachern,Jsandye,Maud,201
Edee,Fayre,Mariele,638
Bates,Allyce,Lanae,311
Cadmar,Amalie,Petronia,532
Odell,Juliane,Alexine,378
Strephon,Jacenta,Hayley,15
Jarib,Miquela,Gale,666
Iaverne,Ilse,Antonietta,762
Sasnett,Carolina,Netty,537
Maroney,Morganica,Corina,352
Justinn,Gale,Babita,802
Ezar,Stephanie,Wanda,530
Amand,Sharlene,Christian,571
Chick,Jan,Layla,112
Yerkovich,Nikki,Ninnetta,850
Celestine,Helsa,Alie,67
Maurine,Estell,Nerta,966
Masao,Arlina,Maye,685
Rona,Shaylyn,Orelia,319
Pelagias,Teddie,Bobinette,24
Faso,Tierney,Renie,254
Esmaria,Corene,Kimmy,770
Maisey,Cindelyn,Valeda,337
Mullane,Ayn,Ellette,801
Tamsky,Edyth,Cathyleen,1
Bashemeth,Thalia,Larine,485
Viddah,Meghann,Andree,883
Si,Estell,Lauryn,326
Raffo,Brena,Kimberley,832
Liva,Marti,Cecile,359
Suzetta,Collen,Charmaine,66
Vary,Anallese,Alejandra,842
Nunci,Kenna,Jenda,887
Harday,Ruthe,Clementine,897
Cookie,Elka,Gloria,533
Judye,Elsie,Agathe,97
Travax,Ekaterina,Agathe,981
Adore,Stevana,Sarette,436
Magdalen,Patricia,Hayley,312
Fleeta,Maye,Addia,285
Ioab,Mariele,Vanessa,599
Elo,Ketti,Maisey,541
Nikaniki,Lexine,Chastity,879
Dahlia,Gertrud,Desirae,80
Corilla,Fred,Arlina,516
Ilka,Dawn,Beth,679
Rillings,Stacey,Priscilla,212
Lasley,Ottilie,Roseline,438
Alrich,Silvana,Maurene,850
Berard,Starla,Arlina,808
Ciapas,Fayre,Leontine,981
Bibi,Leanna,Hermione,547
Sperling,Aubrie,Sandie,785
Jehu,Kellen,Petronia,492
Narton,Evita,Gusty,333
Leary,Cordi,Gloria,190
Deegan,Tobe,Rani,839
Bury,Calla,Ginnie,952
Hoenack,Mildrid,Jessy,641
Carbo,Brena,Bernie,21
Myrilla,Cathyleen,Adore,203
Jehu,Rosene,Elie,359
Zitvaa,Cyb,Cathyleen,845
Rad,Katuscha,Kelly,368
Verger,Leia,Layla,989
Clywd,Lita,Ashlee,520
Letsou,Helena,Kristan,90
Gombach,Robbi,Candi,725
Salchunas,Tarra,Mildrid,208
Lissi,Elise,Emma,762
Gino,Nickie,Alleen,786
Redmond,Sharlene,Katharina,824
Melony,Melina,Olivette,915
Urias,Celisse,Gianina,60
Blake,Anallese,Raf,660
Peg,Lory,Gertrud,277
Rooney,Oralee,Joceline,766
Margret,Mara,Agathe,98
Keelia,Candi,Dode,656
Frodi,Kimmy,Allyce,755
Luhe,Lesly,Nickie,455
Maurine,Annecorinne,Winifred,875
Allys,Hayley,Berget,896
Claudine,Rhoda,Diena,932
Gaspard,Sibella,Correy,291
Dannye,Sheree,Joleen,335
Agle,Nannie,Mady,829
Marden,Albertina,Codie,56
Lorain,Tamqrah,Brooks,815
Elsinore,Cordi,Tracey,940
Celestine,Elmira,Brietta,18
Zola,Robbi,Bill,187
Estella,Belinda,Marjie,640
Lymann,Kimberley,Larine,675
Trace,Esmeralda,Althea,383
Guildroy,Elbertina,Basia,353
Anastatius,Tomasina,Ottilie,976
Dash,Melisent,Ellette,680
Wildermuth,Doro,Ronna,516
Alrich,Dorthy,Abbie,712
Tayib,Henriette,Andree,163
Emmaline,Hildegaard,Vivia,694
Revkah,Mary,Tracey,579
Maurine,Rayna,Hildegaard,516
Shuler,Alyda,Genovera,505
Baudin,Tani,Emma,432
Brieta,Alie,Annabela,567
Isidore,Raquela,Riannon,390
Thad,Hyacinthe,Frank,538
Stevy,Christian,Jemie,72
Paton,Juliane,Ingrid,415
Kelula,Pollyanna,Melina,668
Lumbard,Allyce,Gratia,93
Aurelio,Danny,Moyna,44
Johnsson,Aeriela,Lorie,245
Moseley,Dede,Violet,526
Richers,Leia,Evita,641
Abbot,Mara,Hannis,758
Travax,Daphne,Dianemarie,469
Merell,Leontine,Kamilah,856
Joachim,Melodie,Therine,824
Lorain,Evita,Rozele,174
Scammon,Pearline,Katuscha,835
Erb,Nariko,Delilah,372
Blisse,Margarette,Leia,667
Concha,Caryl,Trudie,275
Fiann,Trudie,Briney,234
Leifeste,Sheelagh,Marylou,480
Anis,Jordan,Cecile,442
Ambrosia,Tonia,Etta,37
Candy,Cristine,Evita,909
Allina,Carree,Marjie,296
Marlie,Zsa Zsa,Lelah,772
Lucienne,Inga,Kenna,905
August,Vevay,Joeann,138
Matthew,Annaliese,Tobe,261
Serilda,Nita,Hildegaard,568
Amand,Ivett,Gianina,783
Fadiman,Quintina,Ilse,62
Fulmer,Marita,Mamie,1000
Odysseus,Bertine,Drucie,31
Liebermann,Courtnay,Hallie,469
Cimbura,Vanessa,Caressa,423
Stephie,Viviene,Dari,894
Suanne,Trixi,Lanae,900
Kronfeld,Verla,Hettie,618
Lorenz,Margalo,Althea,223
Iiette,Eugine,Olivette,258
Martsen,Felice,Lucy,556
Tjon,Shaine,Corly,245
Koziara,June,Alisha,924
Idelia,Debee,Alie,168
Noam,Caritta,Blinni,132
Campball,Susette,Aigneis,749
Tremayne,Max,Camile,531
Johnsson,Heddie,Sibella,702
Goldina,Lyssa,Diena,113
Lucienne,Hettie,Babita,673
Callista,Stacey,Alyssa,412
Tannie,Violet,Kirstin,780
Maisey,Frieda,Jan,519
Weinreb,Jessy,Brianna,666
Wenoa,Barbi,Rani,814
Codding,Alejandra,Loree,400
Percy,Rosaline,Cecile,892
Socha,Jacenta,Brooks,696
Mayeda,Aimil,Mady,484
Letsou,Danny,Cherrita,516
Franza,Carolina,Dorthy,243
Catie,Konstance,Joy,470
Amethist,Jacquetta,Brana,471
Susannah,Oona,Jacenta,275
Willie,Belinda,Melisent,489
Pitt,Aurore,Silvana,763
Audly,Shirlee,Ninnetta,443
Vacuva,Melisent,Netty,467
Zitvaa,Kristan,Neila,150
Drus,Petronia,Belva,368
Goode,Nollie,Ebonee,915
Fitzsimmons,Britni,Margalo,470
Hedve,Kalina,Heddie,212
Ball,Valera,Elyssa,108
Shields,Willetta,Jessamyn,909
Rona,Eolanda,Allis,725
Autrey,Mary,Emilia,409
Margret,Ardenia,Winifred,223
Melan,Odessa,Regina,244
Cassius,Petronia,Estell,691
Odell,Krystle,Gisela,225
Phyllis,Jsandye,Phylis,535
Fulmer,Rosaline,Selma,690
Saree,Korrie,Jacenta,878
Seagraves,Jenilee,Rozele,876
Standing,Cyb,Korrie,421
Bethany,Luci,Emma,288
Corabella,Paulita,Sophia,965
Chobot,Albertina,Shannah,942
Annice,Robinia,Chickie,570
Emerson,Letizia,Karly,114
Nickola,Adriana,Alleen,896
Sibyls,Jsandye,Priscilla,672
Westphal,Janis,Ekaterina,380
Cecile,Wilma,Jaclyn,248
Juan,Caritta,Bobinette,737
McCutcheon,Tobe,Goldie,758
Virgin,Laurene,Zia,170
Toor,Marinna,Aili,246
Nedrud,Estell,Helena,817
Orpah,Dorice,Lita,143
Jalbert,Di,Julieta,667
Peti,Yvonne,Rochette,899
Vacuva,Rosaline,Tiffie,545
Whittaker,Gwenneth,Eugine,207
Minetta,Nickie,Almeta,585
Yuille,Elena,Tatiania,339
Willie,Vivia,Dania,370
Baptlsta,Henriette,Janey,310
Muriel,Asia,Mariele,160
Old,Katharina,Ellette,769
Zrike,Ethel,Flo,154
Goth,Louella,Concettina,551
LaRue,Desirae,Beatriz,751
Hilbert,Helena,Charlena,573
Rustice,Fred,Kirbee,343
Boehike,Myrtice,Kelly,509
Sallyann,Deedee,Elise,277
Valerio,Charmaine,Evita,465
Henebry,Randa,Quintina,276
Cressida,Bee,Carmela,204
Monk,Kore,Vevay,420
Trinetta,Vinita,Magdalena,499
Burnside,Anallese,Xylina,850
Ochs,Elvira,Sonni,987
Raimondo,Steffane,Joane,154
Trace,Jere,Lyssa,696
Brunell,Meghann,Ottilie,143
Alarise,Chickie,Merry,383
Smitt,Sidoney,Adriana,24
Hathaway,Codie,Jobi,558
Emanuel,Gianina,Deedee,623
Gunn,Ardys,Tamqrah,575
McNully,Jeanna,Keelia,543
Jary,Dari,Lonnie,730
Guthrie,Cam,Belva,590
Rolf,Dagmar,Alejandra,437
Merriott,Mariann,Elise,230
Thema,Tonia,Ermengarde,548
Bandeen,Roxane,Fanchon,104
Lilybelle,Orsola,Jorry,150
Buckler,Melina,Caryl,95
Lenny,Gui,Josephine,210
Annice,Brana,Catharine,72
Shaver,Nanete,Nadine,108
Travax,Nonnah,Elyssa,189
Paton,Jobi,Candi,635
Francene,Brietta,Bobbi,379
Fancie,Morganica,Ebonee,711
Means,Rosanne,Heddie,197
Decato,Suzette,Cyndie,204
Ochs,Judy,Karena,213
Ingra,Lyssa,Clary,406
Durante,Joy,Keelia,868
Destinee,Heddie,Quintina,429
Bettine,Vonny,Paulita,962
Birdella,Catharine,Coral,894
Kimmie,Ericka,Ottilie,165
Pacorro,Beth,Annecorinne,483
Reinke,Janis,Sophia,72
Granoff,Tarra,Concettina,462
Norrie,Sue,Jaclyn,182
Taima,Mamie,Luci,325
Pond,Leia,Lanae,564
Claudine,Silvana,Charlena,139
Joeann,Danny,Layla,887
Arne,Jerry,Marline,356
Laurianne,Lyssa,Christian,951
Bonilla,Lucille,Talya,947
Yoko,Chrystel,Jenda,618
Lilybelle,Jenilee,Willetta,49
Carey,Betta,Tersina,50
Velick,Gisela,Sue,165
Zeeba,Abbie,Ida,624
Garlinda,Beverley,Ellette,635
Elvyn,Mary,Belva,512
Maxi,Dianemarie,Bibby,216
Jalbert,Susan,Inga,729
Erminia,Arlina,Gabi,448
Dominy,Chrystel,Marline,37
Westphal,Dotty,Agnese,280
Zamora,Rhea,Kelly,296
Alarise,Livvyy,Lexine,563
Erich,Marylou,Maud,16
Wandie,Claresta,Damaris,51
Lalitta,Rani,Sheree,634
Zachary,Meriel,Leontine,116
Ellord,Inga,Maryellen,938
Alarise,Paule,Misha,492
An,Giustina,Carmela,843
Podvin,Aimil,Ketti,857
Audly,Lory,Lyssa,668
Corilla,Jaime,Mariann,620
Mott,Merry,Elvira,873
Goode,Kelly,Corene,482
Abram,Monika,Hyacinthe,324
Wattenberg,Carlie,Drucie,371
Parette,Ninnetta,Deloria,51
Teryn,Gratia,Jolyn,437
Thomasina,Celisse,Benita,330
Zamora,Claudina,Ezmeralda,781
Paine,Suzette,Julieta,943
Florina,Kittie,Suzette,751
Rad,Dorthy,Anestassia,564
Katrine,Marjie,Rochette,463
Vins,Ardenia,Rosabelle,928
Curren,Wilma,Robinia,153
Brenn,Janeczka,Sean,564
Aaberg,Teddie,Nessie,370
Garrison,Carree,Ginnie,719
Byrne,Ebonee,Mireielle,174
Silvan,Lisette,Vinita,633
Naashom,Hildegaard,Emmey,416
Claudine,Annice,Micheline,799
Albertine,Ermengarde,Meg,238
Schenck,Lizzie,Bibby,848
Urania,Elyssa,Arlena,422
Dominy,Frank,Lexine,966
Voletta,Selma,Theodora,787
Pozzy,Claresta,Emmey,369
Kellby,Modestia,Lorie,95
Florina,Beatriz,Jerry,663
Shanley,Elena,Tomasina,710
Sholley,Valera,Averyl,620
Cyrie,Nananne,Anica,302
Colyer,Vonny,Harmonia,754
Tjon,Loree,Paulita,698
Martguerita,Vonny,Andree,324
Forrer,Lanna,Elena,290
Quinn,Gertrud,Lynnea,737
Oster,Gianina,Donnie,378
Primalia,Shirlee,Kassey,614
Romelda,Danny,Dolli,559
Kirstin,Cam,Ursulina,20
Kronfeld,Annice,Bee,100
Rhu,Olwen,Agnese,551
Natica,Dennie,Roseline,123
Naor,Mignon,Jan,731
Cassius,Goldie,Diena,555
Ellord,Henriette,Joane,500
Riva,Donetta,Sonni,659
Lumbard,Mariann,Nollie,348
Lamoree,Lucy,Amelia,269
Pettiford,Renie,Janey,704
McAdams,Alex,Jaclyn,339
Seumas,Hannis,Cherilyn,795
Orpah,Bettine,Daphne,840
Juan,Ardenia,Lily,104
Lutero,Randa,Hermione,255
Skurnik,Jany,Romona,266
Atonsah,Sibella,Cyndie,13
Rolf,Tomasina,Marjie,4
Havens,Ayn,Vivia,598
Arathorn,Ericka,Selia,376
Turne,Karena,Trudie,792
Goldina,Ebonee,Darlleen,935
Fitzsimmons,Queenie,Ashlee,68
Kussell,Ethel,Dawn,582
Cherianne,Pamella,Nariko,335
Destinee,Stacey,Marcelline,795
Goerke,Ada,Grier,954
Corilla,Gilda,Aubrie,724
McLaughlin,Bee,Felice,181
Lia,Tonia,Sashenka,639
Fairweather,Rochette,Imojean,636
Thad,Addia,Karlee,832
Hylan,Hope,Dorothy,132
Terrence,Margarette,Lyssa,623
Parsaye,Agathe,Oona,464
Emanuel,Nataline,Lucille,800
Iphlgenia,Lynnea,Emylee,25
Rooney,Sybille,Selia,859
Berard,Tonia,Jinny,792
Waite,Penelopa,Lanna,923
Hirsch,Hyacinthe,Molli,856
Wolfgram,Jere,Tobe,228
Reinke,Shel,Marline,395
Bethany,Shauna,Patricia,79
Dorothy,Noelle,Michaelina,693
Tybald,Amii,Glynnis,645
Bonucci,Imojean,Lolita,328
Center,Kirbee,Vere,619
Laverne,Marguerite,Stevana,252
Angelis,Harrietta,Florencia,945
Kaja,Tilly,Starla,890
Schalles,Cecile,Fina,481
Decato,Jennica,Caressa,493
Angelis,Nollie,Gisela,518
Wu,Gianina,Dacia,818
Faria,Collen,Teddie,15
Prouty,Cristabel,Kate,858
Angelis,Carol-Jean,Ernesta,807
Ambrosia,Kristan,Corly,669
Celestine,Chrystel,Merrie,162
Grobe,Marylou,Anthia,641
Baylor,Elora,Angelique,953
Rebecka,Kylynn,Dennie,511
Wind,Mellicent,Raf,739
Daegal,Angelique,Melodie,1000
Roumell,Annice,Elena,965
Schlosser,Starla,Viki,747
Braun,Dianemarie,Nyssa,377
Thunell,Genovera,Ulrike,432
Tatianas,Harmonia,Sophia,846
Lail,Cherilyn,Annaliese,917
Adalbert,Correy,Berta,281
Letsou,Helena,Hope,595
Gilbertson,Lexine,Vanessa,359
Judye,Teriann,Kate,873
Maxi,Kassey,Nyssa,42
Terrence,Marylou,Sindee,164
Libna,Cam,Tabbatha,905
Dowski,Belinda,Albertina,547
Madelene,Karly,Dulcinea,93
Baptlsta,Jenilee,June,505
Obed,Raquela,Sharlene,401
Lail,Gilligan,Hallie,314
Brittani,Berta,Lanna,469
Mike,Nollie,Shel,379
Lytton,Odessa,Dominga,304
Narton,Raina,Frieda,546
Hedve,Basia,Tori,860
Lynn,Gusty,Lenna,257
Cath,Kristan,Carlie,301
Ajay,Dotty,Joeann,229
Ferrell,Marjie,Lita,477
Abbot,Carmela,Albertina,54
Rheingold,Cathyleen,Bernardine,172
Odysseus,Cathie,Roz,336
Jethro,Caressa,Chrystel,402
Nerita,Oralee,Deane,950
Yate,Lila,Adriana,993
Ellerey,Max,Iseabal,14
Dalli,Sheelagh,Hettie,872
Faro,Danika,Lorenza,475
Virgin,Margalo,Corly,604
Clarissa,Joeann,Andeee,953
Alfons,Dawn,Briney,434
Terencio,Yolane,Jacenta,900
Faro,Renie,Susette,52
Argus,Justinn,Olwen,400
Thornburg,Ira,Kore,645
Dichy,Tamqrah,Gusella,580
Matthew,Mallory,Aaren,13
Kathie,Alleen,Brooks,348
Neva,Suzette,Winny,70
Huggins,Janis,Bertine,79
Corilla,Clo,Elora,699
Kimmie,Natka,Viviene,794
Catie,Merry,Nananne,149
Pitt,Merci,Josephine,728
Ricki,Fred,Lynnea,690
Truc,Carolina,Adelle,93
Seagraves,Helsa,Maridel,818
Emmaline,Gusty,Ardys,414
Kylander,Barbara,Talya,781
Helve,Ayn,Cecile,748
Nadia,Dyann,Gerrie,557
Dielu,Dorice,Heddie,324
Atonsah,Dulcinea,Isa,347
Peonir,Dorthy,Nanete,619
Yusuk,Lulita,Bee,528
Phi,Bee,Caritta,509
Stelle,Kristan,Deane,593
Shirberg,Carmencita,Merle,833
O'Carroll,Jorry,Cherrita,929
Shirberg,Cissiee,Mallory,126
Alcott,Reeba,Violet,410
Catie,Vevay,Sara-Ann,409
Hanshaw,Verla,Nelle,285
Felecia,Gavrielle,Carree,853
Nester,Catharine,Korrie,49
Sallyann,Paule,Florie,584
Kunin,Marti,Lyssa,549
Dannye,Mignon,Emelina,353
Trinetta,Cassondra,Steffane,952
Halsey,Viki,Devina,491
Timon,Adore,Blinni,332
Karna,Dawn,Michaelina,819
Nahum,Gale,Barbara,74
Sothena,Katharina,Bertine,93
Astra,Charissa,Rosabelle,631
Horan,Natka,Myriam,16
Zaslow,Jacenta,Chandra,676
Valoniah,Corina,Renae,351
Means,Clarice,Lucy,677
Bakerman,Yvonne,Nita,116
Johanna,Carmela,Alex,828
Mathilde,Ruthe,Modestia,32
Toffic,Florencia,Ricky,503
Jary,Charlena,Daune,636